nishant,2025-07-26 08:01:39
nishant,2025-07-26 08:01:44
nishant,2025-07-26 08:19:11
nishant,2025-07-26 08:20:37
jarvis,2025-07-26 08:32:21
jarvis,2025-07-26 08:32:31
jarvis,Unknown,2025-07-26,10:02:06
jarvis,Unknown,2025-07-26,10:02:13
jarvis,Unknown,2025-07-26,10:02:24
jarvis,Unknown,2025-07-26,10:02:32
tony,55,2025-07-26,12:09:48,oomd
jarvis,Unknown,2025-07-26,12:13:52,Maths Lecture 2
v,Unknown,2025-07-26,12:14:07,oomd
tony,55,2025-07-26,12:14:28,oomd
tony,55,2025-07-26,12:31:13,CF
jarvis,Unknown,2025-07-26,12:32:00,OOMD
nishant,Unknown,2025-07-26,12:40:34,Practice session
tony,55,2025-07-26,13:21:32,OOMD
nishant,Unknown,2025-08-05,13:17:19,OOMD
nishant,Unknown,2025-08-05,13:17:46,OOMD
